{
  "content": [
    {
      "text": "tlu;a tl ldf,l mqxÑ w,s meáfhla ysáhd' thd yßu yqr;,a' tA;a thd ysáfh yßu ÿlska' fudlo okakjo' thdg hd¨fjd ysáfh kE'",
      "image": "1.jpg"
    },
    {
      "text": "tl ojila thd msÜgkshl jdä fj,d bkakfldg mqxÑ n¨ meáfhl=hs ;drd meáfhl=hs t;k fi,a,ï lrkak wdjd' w,s meáhd tA Èyd yßu wdidfjka n,df.k ysáhd' tA;a tA fokakd w,s meáhg fi,a,ï lrkak l;d lf,a kE'",
      "image": "3.jpg"
    },
    {
      "text": " tl mdrgu n¨ meáhg ;drd meáhd tjmq fndaf, w,a,.kak neß Wkd' fndaf, w,s meáhd bkak ;ekg wdjd'",
      "image": "2.jpg"
    },
    {
      "text": "w,s meáhd thdf. fydÙjef,ka fnda,hg .eyqjd' fndaf, wdmyq ;drd meáhhs n¨ meáhhs bkak ;ekg .shd'tA fokakg yßu i;=gqhs'",
      "image": "2.jpg"
    },
    {
      "text": "Bg miafia ;drd meáhhs n¨ meáhhs thd,;a tlal fi,a,ï lrkak w,s meáhg;a l;d l,d' w,s meáhg yßu i;=gqhs' thdg w¨;a hd¨fjd yïnqk tlg'",
      "image": "4.jpg"
    }
  ],
  "title": "kqjKlaldr lmqgd"
}