{
  "content": [
    {
      "text": "Tkak tlu;a tl ldf,l f,dl= kshÕhla wdjd' lef,a ;snqk we< fod< .x.d Tlafldu jf.a ys¢,d .syska' j;=r ke;slu ksidu .y fld< uefrkak mgka .;a;d'",
      "image": "1.jpg"
    },
    {
      "text": "fï w;frÈ lef,a j;=r fydhdf.k .shmq lmqfgla fndfydu wudrefjka .ïudkhg wdjd' Tfydu hk w;r;=r§ f.orl ñÿf,a j;=r l,hla ;sfhkjd oelald'",
      "image": "2.jpg"
    },
    {
      "text": "fï lmqgd ysñka iSrefõ lf,a we;=,g tì,d ne¨jd j;=r ;sfhkjo lsh,d' n,kfldg oelafla wäfha j;=r álla ;sfhkjd' tAl fndkak fï lmqgf.a fydfÜ È. uÈ Wkd' b;ska fï lmqgd l,amkd lr lr bkakfldg fyd| woyila T¨jg wdjd'",
      "image": "2.jpg"
    },
    {
      "text": "ysñka iSrefõ fuhd mshU,d .syska fmdä fmdä .,a leg f.k,a,d lf,a we;=,g odkak mgka .;a;d' n,ka bkakfldgu lf,a j;=r uÜgu ál ál Wvg tkak mgka .;a;d' fuhdg oeka yßu i;=gqhs j;=r Wvg tkjd oel,d'",
      "image": "3.jpg"
    },
    {
      "text": "b;ska fï lmqgd thdf.a kqjK yß ;ekÈ yß úÈhg mdúÉÑ lrmq ksid nv msfrkaku j;=r î,d ikaf;dafika wdmyq lef,ag hkak .shd'",
      "image": "1.jpg"
    }
  ],
  "title": "kqjKlaldr lmqgd",
  "id": "ks_1",
  "cover": "assets/images/cover_1.jpg"
}